index,open,high,low,close,volume
0,7209.83,7255.0,7180.0,7234.19,6659.19182
1,7234.2,7249.99,7175.15,7200.85,5238.152114
2,7200.77,7212.5,7105.0,7110.57,7797.316187
3,7110.98,7180.0,7107.43,7130.98,8341.244843
4,7130.37,7146.85,6924.74,6965.71,15812.922902
5,6965.49,7264.71,6871.04,7203.21,25023.201494
6,7202.28,7380.0,7202.28,7320.18,25775.87055
7,7320.17,7405.0,7260.01,7344.96,17629.428407
8,7345.0,7369.28,7280.85,7348.11,8213.334726
9,7348.04,7369.63,7291.0,7318.99,10109.693351
10,7318.98,7404.0,7272.21,7354.11,11664.9469
11,7354.19,7495.0,7354.11,7463.63,16178.355774
12,7463.64,7476.31,7400.0,7468.42,10753.985683
13,7467.91,7484.0,7318.0,7358.75,11398.744147
14,7357.64,7580.0,7346.76,7507.91,18400.976811
15,7508.18,7622.0,7465.44,7519.99,17038.221517
16,7519.05,7795.34,7509.43,7758.0,19196.496988
17,7758.9,8000.0,7758.29,7883.37,28749.125741
18,7883.11,7965.0,7740.29,7764.59,22514.440756
19,7764.04,8207.68,7723.71,8145.28,39908.118164
20,8145.92,8455.0,8142.0,8297.26,39642.354098
21,8297.27,8418.61,8184.0,8305.97,29447.439237
22,8306.09,8335.79,7870.0,8055.98,43532.849305
23,8054.72,8055.96,7896.0,7949.84,17966.181204
24,7949.57,7955.83,7852.01,7907.05,18351.677451
25,7907.05,8000.0,7750.0,7817.76,27921.661175
26,7817.74,7854.06,7711.76,7752.98,13542.112779
27,7753.05,8086.85,7672.0,8066.6,36137.961389
28,8067.5,8199.0,7909.98,8197.02,32726.70328
29,8198.86,8253.26,8044.65,8074.18,17482.546051
30,8074.17,8135.0,8010.0,8099.73,14957.9669
31,8099.16,8286.34,8003.16,8020.01,22369.519716
32,8020.01,8153.84,7960.0,8097.51,12374.735968
33,8097.51,8185.0,8080.01,8152.7,12198.291355
34,8152.63,8197.0,8072.0,8184.98,13558.467013
35,8184.97,8196.0,8057.59,8075.26,10397.650971
36,8075.26,8134.6,8055.89,8084.89,11606.846234
37,8085.07,8160.0,8071.12,8110.34,9155.258478
38,8110.34,8573.0,8105.54,8509.99,40248.20956
39,8509.85,8760.0,8470.0,8675.48,38110.628454
40,8673.18,8880.0,8520.0,8810.01,42040.288728
41,8814.64,8900.0,8564.0,8627.13,30025.034287
42,8626.8,8916.48,8605.03,8762.74,30302.455874
43,8762.73,8876.4,8676.08,8821.41,24488.807445
44,8820.01,8859.81,8586.0,8680.0,19925.95425
45,8679.99,8789.0,8600.4,8710.02,18672.389223
46,8710.01,8757.0,8626.0,8720.01,13392.730811
47,8720.15,8997.0,8672.44,8933.95,25915.700862
48,8935.54,9041.65,8765.0,8850.83,27561.158545
49,8851.39,8961.6,8813.0,8913.28,17420.87797
50,8913.27,8988.88,8806.38,8843.63,14138.367875
51,8843.63,8964.0,8818.0,8903.26,14138.361247
52,8903.27,8960.0,8848.8,8915.96,10018.017423
53,8915.09,9198.98,8888.02,9084.36,22328.876418
54,9083.8,9127.36,8524.2,8631.95,30958.249713
55,8630.98,8758.84,8466.0,8701.7,17389.763128
56,8701.72,8735.84,8627.94,8665.14,10056.762959
57,8665.24,8682.92,8521.28,8675.38,17812.404046
58,8675.45,8746.99,8616.0,8642.35,11027.472741
59,8642.35,8699.84,8618.0,8634.7,7208.976767
60,8634.16,8677.12,8602.8,8645.06,10214.29414
61,8645.1,8789.0,8488.0,8736.03,19071.416752
62,8736.04,8818.0,8701.0,8740.27,8035.635722
63,8740.49,8746.34,8622.0,8655.37,12611.456869
64,8655.32,8710.45,8590.0,8682.36,8433.464547
65,8682.77,8691.81,8502.0,8581.75,13029.757483
66,8581.71,8624.51,8326.0,8359.42,23142.40672
67,8357.81,8445.0,8306.39,8404.52,11993.780394
68,8404.52,8419.86,8275.5,8340.0,10307.504878
69,8338.53,8515.0,8238.0,8506.44,21259.8353
70,8507.8,8528.02,8413.36,8439.0,10120.189351
71,8438.99,8451.26,8254.9,8316.2,10575.492781
72,8316.72,8382.97,8286.87,8335.14,8294.431419
73,8334.6,8420.0,8325.0,8340.58,6651.233732
74,8340.01,8395.0,8293.66,8385.17,6352.998634
75,8384.85,8488.0,8382.48,8459.67,10935.025546
76,8459.66,8618.13,8454.01,8615.0,13842.460984
77,8614.39,8704.0,8614.39,8658.01,12052.421217
78,8658.01,8796.95,8535.0,8779.67,20109.316808
79,8779.68,9000.0,8749.2,8907.57,21811.804971
80,8907.57,9166.0,8907.56,9039.92,22181.834318
81,9039.68,9188.0,8942.0,9024.58,27968.006812
82,9025.47,9400.0,8862.4,9374.21,24435.012635
83,9375.34,9420.82,9261.32,9365.0,17668.833807
84,9365.0,9434.94,9216.0,9285.01,20883.730643
85,9285.0,9449.24,9265.0,9301.53,15311.500672
86,9301.57,9399.0,9204.44,9391.02,13374.172719
87,9391.55,9412.35,9306.0,9386.88,16698.956027
88,9385.41,9578.0,9220.0,9513.21,30553.615513
89,9511.52,9530.22,9320.0,9374.56,13853.265408
90,9375.5,9414.94,9210.01,9339.19,20807.790658
91,9339.19,9430.0,9256.24,9352.89,10890.966286
92,9351.71,9464.53,9341.17,9423.01,8755.343075
93,9423.02,9425.76,9281.0,9333.91,11228.243273
94,9333.73,9420.98,9327.0,9384.61,8594.481006
95,9384.41,9387.03,9120.0,9370.53,17894.649024
96,9370.53,9477.03,9346.0,9446.77,16148.587026
97,9446.8,9460.0,9322.0,9331.51,11647.67649
98,9331.59,9618.79,9288.0,9368.16,20986.395519
99,9368.16,9399.42,9265.0,9270.0,18121.681697
100,9270.0,9344.02,9234.0,9292.24,11784.056235
101,9291.35,9350.0,9227.58,9278.63,13171.160189
102,9278.63,9327.0,9093.01,9206.47,28212.737374
103,9207.02,9240.0,9151.0,9197.02,11924.277703
104,9197.02,9300.0,9177.22,9274.53,13339.815684
105,9274.39,9494.2,9232.75,9485.08,24254.302952
106,9484.22,9744.45,9472.3,9612.04,27276.296979
107,9612.03,9697.78,9526.35,9628.8,15204.518319
108,9629.85,9862.57,9605.55,9786.88,32562.767847
109,9786.87,9839.63,9660.0,9772.0,17182.420422
110,9772.0,9855.0,9741.17,9801.83,13482.840614
111,9801.83,9885.0,9730.54,9802.02,19164.886427
112,9802.01,9836.27,9730.0,9813.73,11318.387591
113,9813.87,9830.06,9667.11,9771.39,14096.716917
114,9771.39,9866.0,9750.0,9829.47,16450.519317
115,9829.5,9940.0,9810.1,9895.05,13053.607432
116,9895.04,10166.0,9880.75,10127.87,17299.261412
117,10127.87,10151.04,10000.1,10097.1,16046.874018
118,10097.1,10160.0,10053.0,10151.75,10062.340186
119,10151.72,10188.0,9756.0,9968.99,22314.242706
120,9967.94,9971.48,9765.0,9865.05,26275.560937
121,9865.06,9894.56,9800.02,9851.83,10983.280976
122,9851.74,9862.18,9700.0,9739.94,12844.888703
123,9739.87,10194.0,9730.89,10164.99,24959.320589
124,10165.0,10323.59,10160.15,10223.08,24618.185932
125,10223.08,10450.0,10223.08,10366.0,19743.228299
126,10366.62,10415.0,10226.44,10314.56,25005.935497
127,10314.56,10410.0,10294.0,10326.46,16258.900134
128,10325.33,10491.0,10310.51,10338.96,18766.409485
129,10338.94,10500.0,10080.0,10254.93,46652.760584
130,10254.23,10292.99,10145.5,10229.63,13925.18869
131,10227.78,10290.0,10111.37,10124.98,13943.90329
132,10124.98,10360.2,10111.57,10249.94,19806.276889
133,10249.94,10381.56,10243.72,10344.36,13288.299994
134,10344.36,10375.0,10190.9,10221.76,12842.548648
135,10221.03,10274.18,9801.0,9983.18,18625.820532
136,9983.24,10095.0,9811.84,9904.72,26188.833767
137,9904.46,10050.0,9853.02,9959.51,12786.792955
138,9959.58,10017.0,9825.16,9858.54,17950.581459
139,9858.54,9996.58,9638.12,9917.27,29286.625123
140,9910.7,9964.16,9710.0,9753.26,17153.937532
141,9753.01,9832.92,9452.67,9633.45,37799.361256
142,9635.27,9727.41,9576.03,9706.0,15307.713113
143,9706.0,9815.0,9624.7,9790.58,14362.121274
144,9790.9,9875.51,9576.01,9830.68,24003.395944
145,9830.69,10250.0,9815.9,10164.71,32238.606801
146,10164.78,10186.35,10027.0,10059.3,13241.40593
147,10059.08,10161.99,10011.06,10148.93,7160.087236
148,10149.99,10250.0,9350.0,9593.79,34761.093729
149,9594.65,9668.0,9500.0,9607.23,18465.598793
150,9606.78,9650.0,9518.08,9574.26,20085.622519
151,9574.43,9699.0,9400.0,9596.42,21601.121602
152,9597.21,9733.0,9569.42,9673.43,13185.111251
153,9673.43,9755.51,9613.0,9722.56,16456.982386
154,9722.62,9742.33,9550.21,9677.05,12539.460887
155,9677.05,9709.17,9560.02,9590.9,8244.109917
156,9590.26,9670.0,9578.9,9630.19,9215.926906
157,9631.05,9697.0,9600.01,9650.86,7176.7208
158,9650.85,9920.0,9645.0,9880.7,14805.737505
159,9880.71,9990.0,9800.0,9861.9,14285.089827
160,9861.9,9971.17,9835.51,9936.4,8611.262511
161,9936.4,9990.0,9600.0,9752.83,19292.971718
162,9752.81,9843.5,9668.0,9703.28,15911.420601
163,9703.0,9731.6,9473.56,9656.13,20592.203801
164,9655.52,9671.12,9486.18,9520.16,12463.038413
165,9520.06,9675.0,9360.0,9397.47,21872.010828
166,9395.19,9460.56,9250.0,9315.84,20044.295311
167,9316.48,9377.44,9111.0,9148.08,24020.462959
168,9148.08,9303.36,8979.03,8995.29,32638.208824
169,8995.75,9030.0,8633.63,8785.25,35471.673699
170,8786.0,8838.28,8531.0,8814.05,26513.022971
171,8814.21,8941.91,8730.0,8847.16,24371.811126
172,8847.0,8971.77,8650.0,8823.21,21598.744665
173,8823.25,8900.0,8695.1,8728.74,12762.348576
174,8728.39,8779.55,8445.0,8715.94,34655.169828
175,8715.0,8799.0,8485.0,8692.91,23737.690573
176,8690.8,8790.0,8656.0,8745.81,11310.6385
177,8745.82,8763.71,8572.22,8650.0,14982.813472
178,8650.0,8676.0,8523.55,8523.61,10454.731063
179,8523.61,8675.0,8511.11,8541.16,11495.920879
180,8541.15,8750.0,8518.0,8557.8,15380.79123
181,8557.8,8591.82,8411.0,8531.88,17015.48967
182,8530.3,8699.5,8498.0,8625.39,16792.232283
183,8625.39,8885.0,8619.63,8829.21,25972.150971
184,8829.21,8965.75,8818.66,8915.24,17636.934476
185,8911.18,8919.65,8746.42,8756.08,13672.71247
186,8755.64,8898.74,8675.45,8753.01,26109.309674
187,8753.01,8790.0,8651.0,8760.07,15372.975138
188,8760.07,8848.29,8728.0,8816.27,13708.661208
189,8816.32,8829.4,8660.0,8700.0,14502.058563
190,8700.0,8761.52,8665.0,8750.87,10485.762807
191,8750.99,8942.0,8746.54,8895.05,19268.394892
192,8895.24,9136.63,8891.36,9085.48,23530.459676
193,9085.52,9159.42,9015.0,9054.68,15403.011787
194,9054.64,9138.31,8985.5,9100.91,14221.87469
195,9101.62,9170.0,9000.0,9001.4,18525.029186
196,9001.7,9137.5,9000.0,9131.88,11036.044168
197,9130.89,9143.55,9050.0,9085.23,9488.124137
198,9085.23,9135.94,9069.3,9113.61,13258.52131
199,9113.46,9188.0,8835.0,8886.66,22675.559078
200,8885.25,8886.76,8695.73,8740.29,15597.839954
201,8740.59,8752.36,8321.0,8400.83,28157.997817
202,8400.85,8403.0,8000.0,8033.31,33781.477395
203,8034.76,8179.31,7675.28,7899.71,43461.958929
204,7899.72,7991.08,7632.01,7765.32,48903.495944
205,7765.32,7947.57,7689.0,7929.87,24603.408395
206,7929.87,7969.87,7850.0,7900.14,19341.700522
207,7900.89,8149.0,7739.97,7767.28,40035.055733
208,7766.29,8038.11,7728.01,7894.56,27406.68762
209,7894.57,7965.49,7813.0,7860.93,15796.035904
210,7861.62,7921.12,7736.0,7778.76,28920.172091
211,7778.76,7980.0,7590.0,7934.52,35226.203177
212,7934.58,7966.17,7342.43,7392.13,41592.664253
213,7392.12,7466.0,5550.0,6132.13,119991.455804
214,6132.13,6229.97,4410.0,4800.0,99921.488596
215,4800.01,5523.23,3782.13,5385.87,170116.93283
216,5386.11,5955.0,4920.0,5212.37,132014.082535
217,5207.63,5699.0,4807.0,5578.6,100070.658399
218,5576.05,5640.52,5322.02,5500.4,47484.758995
219,5500.61,5530.0,5173.0,5311.38,48185.872389
220,5310.96,5498.0,5055.13,5172.06,41239.50459
221,5172.48,5332.04,5093.1,5272.23,25742.67676
222,5272.35,5594.0,5213.16,5324.48,42612.43244
223,5324.92,5940.0,5160.0,5361.3,71561.037334
224,5360.33,5365.42,4778.0,4785.67,61906.802307
225,4789.99,5175.0,4442.12,5151.39,118900.95244
226,5144.53,5200.0,4820.0,5028.97,46469.168013
227,5028.86,5415.87,4921.45,5343.72,53159.202152
228,5345.19,5440.0,5051.0,5362.99,54898.877276
229,5363.84,5525.0,5290.0,5312.64,42031.84689
230,5312.64,5436.17,5104.92,5148.73,32051.434523
231,5148.73,5390.0,5009.37,5328.89,61164.681029
232,5328.59,5412.0,5140.54,5393.04,43911.519342
233,5393.26,5450.0,5252.53,5414.19,30803.897111
234,5414.19,5920.0,5376.1,5895.1,80932.962065
235,5895.71,6400.0,5798.26,6162.37,87284.014263
236,6162.05,6350.0,6055.55,6318.39,30377.477644
237,6318.41,6900.0,6310.58,6614.66,102205.988565
238,6614.32,6664.99,5670.0,6208.36,86714.863305
239,6204.57,6380.0,6026.0,6151.16,38938.145596
240,6151.17,6275.0,5860.02,6212.08,46996.443144
241,6213.48,6456.98,6043.0,6186.98,42979.079623
242,6187.04,6407.87,6104.0,6289.34,23677.409945
243,6289.34,6317.74,5915.0,6076.14,42754.600662
244,6076.14,6145.0,5734.01,5816.19,52683.97992
245,5816.05,5993.24,5688.0,5855.59,33210.389196
246,5855.0,6600.0,5728.99,6231.74,86010.770659
247,6230.41,6509.03,6225.36,6467.31,45453.05593
248,6465.25,6666.0,6371.33,6566.06,46902.705485
249,6563.82,6833.0,6461.01,6587.52,68090.339878
250,6587.63,6792.15,6510.01,6744.72,36144.964515
251,6744.69,6746.7,6524.16,6675.21,29448.907869
252,6676.93,6957.96,6450.0,6617.27,76076.915919
253,6617.19,6705.96,6552.0,6677.43,26629.911201
254,6677.42,6780.0,6554.21,6589.92,27041.286896
255,6591.91,6688.0,6510.0,6617.04,30723.798709
256,6617.91,6765.0,6592.23,6737.36,25261.469606
257,6737.27,6842.59,6620.0,6699.92,28291.721012
258,6699.91,6703.81,6573.41,6622.86,27531.235144
259,6622.87,6700.0,6261.0,6359.11,27092.012198
260,6359.11,6360.0,6068.88,6184.31,40339.461296
261,6184.31,6319.86,6155.39,6215.0,22865.651279
262,6215.0,6295.0,6024.0,6236.65,29954.580854
263,6236.65,6266.0,6116.0,6153.9,10133.439281
264,6153.6,6210.0,6067.6,6129.79,20607.30948
265,6129.91,6164.94,5866.56,5881.42,32570.878953
266,5880.5,6330.01,5857.76,6242.69,39942.498458
267,6242.69,6444.0,6230.24,6343.58,41569.724223
268,6343.9,6599.0,6303.34,6394.38,37377.327311
269,6394.45,6523.23,6378.0,6445.09,23346.041255
270,6445.11,6505.5,6321.4,6454.12,30910.748747
271,6454.12,6494.9,6386.89,6410.44,18080.805257
272,6412.14,6426.52,6239.34,6331.96,25688.71792
273,6330.87,6340.81,6170.0,6230.09,25984.622102
274,6230.01,6679.94,6150.11,6642.92,45827.412378
275,6643.36,6744.0,6551.0,6644.0,29388.433326
276,6643.99,6831.59,6602.58,6805.0,38592.14696
277,6805.0,7198.0,6651.0,6794.09,81319.326585
278,6793.86,6955.0,6723.12,6931.46,22737.619396
279,6931.74,7048.0,6672.1,6711.9,52569.84017
280,6713.34,6813.0,6602.1,6734.1,28772.817373
281,6732.97,6802.94,6666.44,6729.54,12800.292336
282,6729.54,6900.0,6650.01,6730.01,30457.52945
283,6730.01,6990.41,6711.76,6856.99,29733.039353
284,6857.41,6895.54,6744.0,6773.22,14433.014796
285,6773.56,6843.59,6745.87,6784.74,14455.508468
286,6783.64,6840.0,6677.52,6772.78,20796.833719
287,6772.78,7100.39,6765.0,7031.54,39072.740446
288,7030.48,7163.0,7010.0,7143.0,36885.385954
289,7142.99,7355.14,7080.0,7329.9,42093.874432
290,7329.9,7454.0,7226.07,7378.08,36280.496722
291,7377.26,7459.69,7260.0,7318.04,35471.699596
292,7318.3,7388.04,7077.0,7197.32,31832.9726
293,7197.32,7420.0,7150.0,7321.85,27887.908016
294,7320.76,7342.91,7200.0,7276.83,26853.547912
295,7277.42,7390.0,7251.64,7361.28,21317.68991
296,7360.26,7371.92,7234.96,7330.0,15287.785719
297,7329.99,7350.0,7108.08,7282.68,32577.15424
298,7283.13,7315.0,7232.0,7283.54,13229.932458
299,7283.54,7295.75,6870.0,6922.98,44051.50681
300,6922.89,6958.22,6739.98,6766.43,35996.483436
301,6766.76,6948.0,6740.09,6858.92,24626.633129
302,6858.92,6944.3,6836.41,6876.7,14176.391205
303,6876.43,6896.78,6802.8,6831.28,14385.805105
304,6831.32,6887.05,6760.0,6876.83,16908.096896
305,6876.84,6906.26,6780.0,6828.64,10898.512213
306,6828.64,7034.75,6820.0,7018.99,22199.190133
307,7018.99,7177.0,6885.0,6903.79,40770.964155
308,6903.79,6903.79,6575.0,6699.34,37531.624455
309,6699.39,6833.0,6603.0,6765.65,37009.042632
310,6765.66,6891.1,6725.0,6837.91,21874.809486
311,6838.04,6921.35,6802.1,6817.77,19672.40261
312,6817.77,6949.0,6754.28,6906.38,29386.018408
313,6906.4,6978.0,6825.15,6868.7,20010.202267
314,6868.57,6933.0,6810.06,6862.05,13455.377426
315,6862.06,6880.0,6680.1,6701.9,31358.900313
316,6701.9,6773.89,6605.0,6621.24,16757.107255
317,6621.25,6980.0,6468.27,6892.4,44953.885577
318,6893.24,7147.28,6871.13,7045.51,49470.45323
319,7046.29,7190.0,6952.2,7101.94,30585.518732
320,7101.99,7138.26,7015.0,7043.38,17883.195806
321,7043.17,7126.33,6972.98,7037.94,21563.617
322,7037.95,7148.12,7015.0,7027.55,14679.696957
323,7026.78,7120.0,7014.4,7089.72,9216.152869
324,7089.78,7268.9,7054.11,7243.37,23828.452453
325,7243.65,7293.08,7155.01,7248.6,16443.937497
326,7248.6,7266.15,7100.0,7146.77,15603.421141
327,7145.49,7186.0,7055.6,7097.33,16353.347956
328,7097.34,7210.0,7086.0,7120.74,13708.094833
329,7121.4,7220.0,7082.0,7184.94,13766.741696
330,7185.18,7188.32,6912.34,7071.4,33910.896138
331,7071.4,7087.85,6751.0,6826.83,42471.853536
332,6828.98,6917.0,6811.05,6878.68,14811.529642
333,6878.62,6892.9,6762.0,6830.8,26179.965162
334,6830.79,6940.0,6811.11,6841.37,19118.216004
335,6841.36,6964.84,6818.0,6942.11,15778.821977
336,6941.78,7132.0,6918.07,7112.2,27888.231249
337,7112.15,7156.38,7062.6,7125.14,17819.324108
338,7125.12,7183.0,7020.0,7061.54,19551.494468
339,7061.35,7738.0,7046.21,7530.1,56608.755261
340,7528.78,7616.16,7420.0,7482.39,26613.319832
341,7483.96,7586.92,7457.95,7568.68,16484.110496
342,7568.68,7615.96,7388.0,7503.12,32134.232365
343,7503.13,7550.0,7467.09,7505.0,11563.777078
344,7505.0,7594.0,7431.07,7561.48,10609.307967
345,7561.68,7705.0,7512.0,7528.84,22117.799468
346,7528.85,7566.59,7476.54,7538.67,11147.320291
347,7539.03,7583.0,7522.17,7546.66,8360.810928
348,7546.67,7700.0,7480.0,7545.01,27125.690418
349,7545.01,7695.0,7534.07,7693.1,15036.114863
350,7693.1,7792.02,7630.0,7697.91,27014.410816
351,7697.77,7738.0,7606.0,7675.58,22215.786103
352,7675.59,7779.0,7633.99,7774.62,16211.142657
353,7773.51,7780.0,7659.12,7705.99,15779.059233
354,7705.99,7764.1,7665.21,7716.91,19101.935821
355,7717.12,7770.0,7703.91,7738.98,11421.757584
356,7738.58,7966.0,7710.05,7945.0,30789.741554
357,7945.0,8387.97,7928.0,8357.06,65578.898347
358,8358.6,8952.89,8325.23,8778.57,87178.247613
359,8778.58,9460.0,8707.11,9177.01,77215.057423
360,9177.95,9222.91,8542.57,8776.95,73085.806378
361,8776.94,8882.78,8401.0,8620.0,55976.350323
362,8620.0,8835.7,8613.56,8767.18,20754.674918
363,8767.18,9059.18,8716.28,8726.84,46523.614426
364,8726.88,8893.43,8655.31,8826.96,24190.525715
365,8825.67,8856.76,8753.0,8799.01,13371.248141
366,8799.0,8967.62,8768.0,8936.41,23517.352695
367,8936.41,9010.0,8811.0,8972.05,22113.486714
368,8972.58,9200.0,8911.35,8990.75,34105.188091
369,8990.75,9140.0,8712.0,8813.0,37354.521025
370,8812.78,8955.0,8781.2,8894.16,18666.356527
371,8894.15,8936.1,8522.0,8648.41,34035.643486
372,8648.42,8860.0,8594.26,8848.0,27768.472874
373,8848.0,8950.0,8743.58,8871.96,22614.395971
374,8871.92,9118.58,8815.0,9013.55,28036.883109
375,9013.66,9085.0,8760.0,8842.34,30398.600565
376,8842.72,9044.0,8818.41,9021.83,18045.281668
377,9021.36,9069.0,8906.21,9018.18,18451.784473
378,9018.05,9380.0,8995.93,9273.39,58944.289661
379,9273.4,9395.0,9079.0,9142.92,28529.228286
380,9143.4,9374.93,9021.0,9309.92,27331.038909
381,9308.56,9590.0,9247.1,9515.51,48104.79365
382,9516.43,10067.0,9503.34,9986.4,71718.778819
383,9986.3,10035.96,9705.0,9810.14,37718.02211
384,9810.34,10006.98,9780.0,9941.21,34822.680195
385,9942.07,10000.52,9780.0,9800.01,28143.094095
386,9800.02,9914.25,9561.0,9592.77,31575.251551
387,9594.7,9719.22,9520.0,9688.62,27412.093032
388,9688.55,9795.0,9525.0,9539.4,22963.334984
389,9539.1,9574.83,8117.0,8812.28,97176.154795
390,8812.27,8900.0,8560.0,8650.96,35965.112931
391,8652.27,8837.28,8255.0,8722.77,50723.914302
392,8722.77,8805.14,8613.01,8664.32,20968.547006
393,8664.32,9168.0,8478.0,8882.96,70807.815986
394,8882.97,8924.48,8200.0,8561.52,77030.88884
395,8562.04,8785.0,8528.78,8656.05,22173.716983
396,8655.76,8944.72,8632.93,8867.72,37398.007277
397,8867.72,8978.26,8730.06,8810.79,26951.055806
398,8810.99,8972.46,8792.99,8867.2,19501.464487
399,8867.2,9188.0,8826.72,9136.85,37120.68933
400,9136.85,9398.0,9036.2,9309.37,35844.120201
401,9309.35,9547.0,9256.76,9508.56,27784.977343
402,9508.56,9939.0,9467.5,9748.98,68241.798074
403,9748.99,9874.3,9569.47,9791.98,33538.602053
404,9791.97,9845.62,9256.12,9674.33,43533.833321
405,9673.45,9710.0,9413.93,9475.53,33192.781267
406,9476.33,9534.78,9150.0,9316.42,39164.146928
407,9315.96,9588.0,9220.0,9390.02,22256.331989
408,9390.03,9534.85,9315.0,9380.75,20763.000293
409,9380.42,9442.98,9262.0,9381.27,16568.29558
410,9380.81,9579.16,9322.1,9540.99,16843.10581
411,9540.98,9888.0,9436.0,9822.32,32048.813499
412,9822.64,9840.0,9595.2,9680.04,19755.845014
413,9681.11,9950.0,9680.13,9785.71,31619.715983
414,9785.7,9796.91,9464.23,9670.96,32769.309551
415,9670.97,9755.0,9550.01,9733.93,17617.578049
416,9733.93,9742.95,9474.0,9573.99,21666.752279
417,9573.99,9897.21,9561.0,9687.06,42614.486692
418,9687.06,9794.0,9620.49,9775.53,14258.521483
419,9775.13,9842.0,9651.0,9764.51,17816.26484
420,9764.51,9810.0,9326.0,9414.5,32896.038901
421,9414.51,9598.0,9352.27,9511.43,24211.434349
422,9511.43,9578.47,9400.0,9457.83,15742.109758
423,9457.88,9505.57,8949.74,9084.38,56015.166844
424,9082.5,9164.99,8815.0,9068.65,37171.504367
425,9067.51,9133.62,8933.52,9081.81,20782.556264
426,9081.81,9222.95,9044.94,9222.69,22512.560074
427,9222.95,9271.0,9130.6,9170.0,15648.014686
428,9170.0,9307.85,9169.99,9255.28,14765.596603
429,9255.7,9255.7,9070.0,9198.78,17875.221255
430,9198.78,9247.63,9125.0,9179.15,10885.479108
431,9179.01,9297.0,9120.77,9255.53,11803.732202
432,9255.54,9298.0,9000.0,9055.74,23449.271345
433,9055.6,9080.99,8700.0,8720.34,35126.862903
434,8718.14,8874.41,8642.72,8867.31,20752.870971
435,8867.31,8881.24,8668.29,8782.44,24610.472071
436,8781.22,8979.66,8762.27,8900.35,17470.567907
437,8900.35,8965.0,8822.74,8957.49,16614.595512
438,8956.83,9017.67,8705.0,8726.6,25933.815395
439,8726.6,8880.0,8700.0,8841.18,15751.359231
440,8841.0,8897.8,8811.73,8844.28,12125.720236
441,8844.89,9225.0,8844.0,9148.0,39652.623392
442,9148.01,9218.92,9052.32,9204.07,17132.011886
443,9204.07,9280.78,9120.01,9150.44,15568.131956
444,9150.06,9518.0,9110.0,9499.81,34483.784198
445,9499.81,9625.47,9391.38,9575.89,24058.871508
446,9575.87,9605.26,9461.07,9523.5,19064.308948
447,9523.63,9593.69,9330.0,9412.0,25534.229045
448,9412.55,9457.69,9372.0,9427.07,12775.824968
449,9426.6,9600.0,9331.23,9528.69,18238.508521
450,9528.73,9583.0,9459.93,9540.6,16313.810266
451,9540.6,9740.0,9400.0,9697.72,21112.953753
452,9697.72,9700.0,9516.38,9565.13,15570.015328
453,9565.13,9638.0,9436.96,9480.0,18136.342297
454,9480.41,9536.69,9381.41,9448.27,14627.428778
455,9448.27,9619.0,9421.67,9571.47,14951.441378
456,9571.18,9590.26,9491.45,9546.98,14190.887069
457,9548.18,10380.0,9536.99,10200.77,47506.798513
458,10202.71,10228.99,10041.59,10118.86,34323.983042
459,10119.12,10190.0,9266.0,9468.81,53783.832652
460,9468.08,9552.91,9400.0,9518.04,20862.957457
461,9518.02,9540.0,9365.21,9506.32,13604.122007
462,9506.94,9646.43,9486.05,9559.29,19386.275177
463,9560.17,9690.0,9529.0,9666.24,13262.247755
464,9666.32,9687.93,9600.01,9649.6,11782.991127
465,9649.59,9840.79,9450.0,9829.39,28230.339874
466,9829.4,9881.63,9725.0,9789.06,17442.769968
467,9788.14,9846.16,9725.0,9774.64,11256.558907
468,9774.27,9854.75,9581.0,9711.75,25393.33596
469,9711.76,9755.82,9619.47,9621.16,11138.155183
470,9621.17,9644.34,9531.05,9609.84,11710.144186
471,9609.85,9735.0,9580.0,9651.67,11910.352098
472,9651.59,9729.74,9583.93,9666.3,9132.454609
473,9666.85,9717.0,9597.0,9658.99,7798.693481
474,9658.99,9679.89,9372.46,9500.03,24906.50061
475,9500.04,9802.0,9454.98,9746.99,25247.654294
476,9746.99,9779.99,9698.06,9727.51,11209.28468
477,9727.51,9800.0,9633.0,9705.51,18052.110778
478,9706.3,9800.0,9661.0,9782.01,11403.268667
479,9782.0,9877.0,9570.0,9681.75,17616.129946
480,9681.81,9748.95,9624.53,9719.89,14322.625452
481,9719.89,9829.0,9681.94,9772.43,14085.245891
482,9772.44,9810.0,9720.0,9747.89,10592.333732
483,9747.88,9779.0,9706.04,9758.33,10294.864909
484,9758.32,9992.72,9704.18,9885.0,26243.564341
485,9885.22,9964.0,9758.0,9796.47,18861.461672
486,9796.29,9821.91,9502.0,9521.11,31225.128195
487,9521.54,9569.97,9113.0,9280.4,44332.394863
488,9278.88,9463.0,9232.51,9439.0,16903.378691
489,9439.48,9557.12,9360.81,9417.81,20981.173488
490,9417.98,9488.15,9301.0,9465.13,12234.514753
491,9464.96,9477.18,9362.08,9437.9,8559.186467
492,9437.69,9470.0,9380.0,9437.42,10556.634592
493,9437.42,9494.73,9351.0,9473.34,8643.963792
494,9473.34,9480.99,9380.0,9414.63,6536.798143
495,9414.55,9443.46,9311.02,9419.36,12044.496974
496,9419.36,9431.74,9245.0,9342.1,11474.211491
497,9342.1,9370.81,8910.45,9123.3,36376.592283
498,9123.3,9310.96,9043.19,9298.0,25691.258167
499,9298.01,9495.0,9281.81,9426.02,24040.074257
500,9426.05,9582.05,9373.09,9504.09,19700.020002
501,9504.1,9589.0,9400.0,9452.62,21918.617298
502,9452.18,9537.5,9430.0,9525.59,10433.809627
503,9526.97,9535.43,9420.0,9513.0,11433.604592
504,9513.0,9565.0,9366.09,9399.24,17615.85803
505,9399.2,9473.33,9236.61,9465.14,18996.94853
506,9465.13,9471.39,9401.41,9440.34,8312.087707
507,9440.82,9489.0,9380.0,9385.99,14177.650424
508,9385.99,9419.64,9280.0,9386.32,14892.215634
509,9386.32,9388.71,9215.79,9299.52,16175.812681
510,9299.53,9438.3,9274.2,9383.32,15856.194473
511,9383.35,9386.83,9260.0,9310.23,13298.976519
512,9310.23,9350.0,9286.97,9302.88,7324.310411
513,9303.41,9380.0,9170.95,9259.78,13906.362254
514,9258.82,9395.0,9241.0,9358.95,9098.392719
515,9358.95,9422.0,9344.13,9368.98,8182.287551
516,9369.46,9393.0,9321.71,9373.33,7689.267376
517,9373.33,9379.58,9281.54,9294.69,8445.371307
518,9294.69,9450.0,9277.09,9419.0,13359.915965
519,9419.01,9509.73,9399.8,9492.26,17611.016848
520,9492.25,9780.0,9474.13,9685.69,26924.53553
521,9685.69,9720.0,9604.04,9663.63,13233.216261
522,9663.63,9692.42,9577.03,9691.99,16762.203052
523,9691.99,9695.0,9590.0,9624.89,11035.610067
524,9624.33,9670.0,9500.0,9512.82,13425.819543
525,9512.82,9550.0,9208.0,9249.93,33367.010404
526,9249.97,9343.02,9233.35,9296.49,14778.731517
527,9298.33,9306.82,9009.69,9173.48,24994.339047
528,9173.7,9332.94,9160.03,9236.77,18279.258005
529,9236.88,9340.0,9212.0,9249.49,12558.022104
530,9249.49,9298.0,9100.18,9146.09,15351.197637
531,9147.2,9256.75,9045.45,9152.01,23764.52994
532,9152.16,9218.0,9091.0,9162.21,11176.5707
533,9162.21,9196.24,9105.0,9174.25,7999.443632
534,9174.37,9196.0,9113.0,9130.76,9982.101071
535,9130.82,9149.49,8833.0,9012.0,28309.38541
536,9012.0,9034.65,8948.06,9023.09,5975.497229
537,9023.42,9179.05,9003.09,9159.42,14655.063882
538,9159.27,9191.0,9075.94,9116.35,10057.61531
539,9116.16,9148.61,9062.39,9096.95,10433.723943
540,9096.91,9142.0,9024.67,9124.75,16930.603141
541,9124.43,9238.0,9102.03,9192.56,14755.966177
542,9192.93,9205.0,9111.94,9144.88,9512.626482
543,9144.34,9189.0,9064.89,9169.57,14064.060833
544,9169.99,9179.29,9095.12,9138.55,7886.475486
545,9138.08,9162.85,9080.1,9135.37,8564.320054
546,9135.37,9268.38,9133.1,9263.94,17449.824526
547,9263.83,9292.0,9210.16,9232.0,12474.384119
548,9231.99,9261.96,9166.6,9208.0,9582.652819
549,9208.33,9257.72,9025.0,9048.92,19108.156294
550,9048.92,9150.0,8940.0,9086.54,17034.358963
551,9086.54,9123.07,9064.67,9105.05,7595.845408
552,9105.25,9125.0,9038.7,9100.39,12839.987184
553,9100.38,9114.0,9037.47,9058.26,8507.587585
554,9057.79,9099.0,9045.34,9073.54,6288.919471
555,9073.6,9085.0,9040.04,9066.01,9027.520336
556,9066.0,9190.0,9061.55,9135.46,11125.528677
557,9135.0,9145.24,9040.0,9061.99,10717.857516
558,9062.17,9074.85,8980.0,9028.0,11621.903224
559,9028.25,9108.46,8893.03,9069.41,11733.892887
560,9069.41,9240.0,9055.92,9200.08,17848.56564
561,9200.08,9320.0,9172.0,9305.02,21135.085265
562,9305.02,9375.0,9255.92,9344.2,15479.481372
563,9342.47,9379.42,9238.0,9262.01,12404.468875
564,9262.02,9290.28,9220.04,9275.66,11757.286095
565,9275.64,9284.07,9203.0,9257.39,10425.581708
566,9257.4,9322.59,9231.0,9284.15,14210.831203
567,9284.14,9470.0,9238.0,9411.72,25700.606532
568,9411.38,9468.0,9381.6,9436.06,16229.080046
569,9436.06,9440.79,9360.0,9402.32,12906.321391
570,9402.58,9432.92,9160.0,9208.58,23593.132222
571,9208.58,9253.9,9185.33,9232.43,11544.997032
572,9232.42,9237.55,9125.0,9154.99,14216.299668
573,9154.99,9249.0,9153.38,9245.92,13782.023477
574,9245.91,9317.48,9206.0,9288.34,10297.170861
575,9288.34,9299.28,9253.13,9268.8,7514.443337
576,9268.22,9269.98,9178.25,9226.65,9059.139262
577,9226.65,9253.79,9201.55,9234.03,5987.783401
578,9234.02,9294.0,9230.61,9255.92,7524.300489
579,9255.95,9345.0,9182.0,9215.69,13289.704727
580,9215.75,9327.0,9157.5,9302.75,10058.69707
581,9303.31,9321.34,9244.55,9270.01,11223.441762
582,9270.01,9343.82,9264.17,9290.38,16479.345699
583,9290.38,9323.0,9200.89,9242.62,15037.281654
584,9242.61,9246.72,9151.0,9181.01,12766.587381
585,9181.2,9242.0,9113.0,9219.21,20189.051388
586,9219.27,9279.54,9209.37,9255.85,12816.91374
587,9255.85,9276.49,9218.67,9231.21,8519.37563
588,9231.2,9249.98,9188.0,9204.98,18082.162233
589,9204.98,9237.27,9160.57,9197.6,12452.041802
590,9197.6,9226.15,9084.0,9123.69,13755.032808
591,9123.69,9140.0,9047.25,9125.26,19123.797906
592,9125.25,9153.0,9091.1,9133.72,10496.740477
593,9133.72,9142.06,9089.81,9109.94,8679.324231
594,9109.94,9186.83,9095.23,9148.37,12208.267781
595,9148.16,9180.0,9128.0,9154.32,7166.766729
596,9154.31,9168.88,9121.1,9132.37,6814.381423
597,9132.36,9219.3,9123.92,9169.57,8586.979067
598,9169.57,9200.0,9147.92,9170.28,7153.180967
599,9170.3,9180.79,9139.27,9154.78,5709.167268
600,9154.79,9156.2,9101.35,9119.89,8920.227271
601,9120.59,9232.27,9116.31,9208.99,11422.624878
602,9208.99,9221.52,9171.22,9180.72,8869.274767
603,9180.72,9190.0,9131.0,9173.75,13954.352345
604,9173.82,9203.6,9141.19,9160.78,12635.13697
605,9160.78,9353.0,9152.8,9315.29,17703.610711
606,9315.28,9437.73,9302.55,9338.0,30320.59894
607,9337.99,9391.83,9318.35,9390.0,12389.372835
608,9390.0,9392.82,9261.0,9302.0,12419.173193
609,9302.0,9354.58,9291.22,9338.14,14526.860548
610,9338.14,9544.0,9325.27,9518.16,21868.970366
611,9518.16,9533.7,9461.0,9491.67,13972.035667
612,9491.66,9585.0,9440.33,9524.99,19099.323838
613,9525.0,9664.0,9510.67,9603.27,18784.873995
614,9603.27,9606.83,9463.44,9508.02,12832.54115
615,9508.02,9566.38,9477.35,9551.68,16269.095053
616,9551.69,9637.0,9513.0,9537.8,14829.500002
617,9538.1,9624.13,9513.0,9568.5,11571.937002
618,9568.5,9610.92,9552.29,9593.19,10846.279718
619,9593.2,9732.9,9573.61,9700.42,18261.328696
620,9700.42,9736.0,9650.0,9716.54,11042.074135
621,9716.53,10111.0,9702.97,9961.83,40956.53891
622,9961.83,9988.0,9840.9,9931.54,13280.656274
623,9931.54,10319.89,9917.21,10157.95,39502.142948
624,10157.95,10440.0,10120.0,10299.9,41645.858003
625,10299.99,11394.86,10294.42,11029.96,69040.932193
626,11029.96,11242.23,10828.0,10881.62,30495.786533
627,10881.62,11180.0,10565.0,11150.26,43795.325411
628,11150.25,11176.61,10840.0,10906.27,22976.622243
629,10906.27,11079.97,10812.0,11015.11,18553.739824
630,11015.29,11296.74,10916.0,11162.01,32651.64215
631,11161.86,11342.82,11042.82,11100.53,25632.712259
632,11100.52,11121.5,10893.3,10941.64,20358.116416
633,10941.64,11040.01,10831.0,11010.73,20495.911665
634,11010.73,11170.0,10971.48,11099.61,19940.798375
635,11099.79,11153.3,10960.0,11131.11,14364.116139
636,11131.11,11370.0,11087.12,11346.9,28852.214595
637,11346.89,11444.0,11211.37,11335.46,26847.33024
638,11335.46,11745.0,11220.0,11657.35,30939.510011
639,11657.34,11730.92,11490.0,11632.89,25631.810791
640,11632.89,11861.0,11561.0,11801.17,28516.164324
641,11801.17,12123.46,10518.5,11323.78,52135.791381
642,11325.95,11342.83,10931.0,11083.63,28082.515484
643,11083.62,11283.41,11000.0,11071.35,17334.770739
644,11071.36,11244.99,10936.0,11197.11,14139.882879
645,11196.93,11385.0,11120.69,11382.37,21439.741594
646,11382.37,11473.0,11133.75,11219.81,21352.217002
647,11219.68,11414.98,11185.0,11291.84,16925.432318
648,11291.85,11319.37,11000.0,11210.91,25513.678064
649,11210.91,11269.45,11130.0,11191.97,16190.003327
650,11191.99,11325.71,11093.0,11278.18,16558.237521
651,11278.18,11693.94,11274.84,11661.3,35433.516679
652,11662.01,11780.93,11505.0,11744.91,22978.502652
653,11744.91,11799.0,11562.5,11628.51,17719.64673
654,11628.51,11878.26,11626.49,11837.56,25515.688164
655,11837.56,11900.0,11620.0,11762.46,20293.750126
656,11762.47,11909.94,11725.01,11779.98,15103.73683
657,11779.87,11847.0,11458.0,11641.7,24956.720583
658,11641.69,11663.0,11322.0,11594.23,25695.468609
659,11594.36,11659.18,11512.0,11586.07,10642.014196
660,11586.08,11808.27,11562.17,11738.1,15694.803457
661,11738.39,11783.69,11585.0,11761.41,15521.343387
662,11761.02,11797.11,11633.0,11704.07,12159.009159
663,11704.07,11718.21,11536.02,11567.43,15946.29154
664,11567.42,11695.0,11521.97,11681.68,13387.766643
665,11681.69,12067.35,11681.68,11968.89,33907.514641
666,11968.89,12006.29,11450.0,11920.67,33216.210468
667,11920.66,11950.0,11766.0,11892.92,17828.612778
668,11892.9,11935.0,11705.0,11748.05,19923.693054
669,11748.05,11768.81,11372.0,11480.79,35452.332046
670,11480.78,11559.97,11125.0,11392.08,35372.259534
671,11392.09,11476.41,11150.0,11446.91,23183.009506
672,11446.91,11617.52,11419.99,11581.45,24940.965877
673,11581.54,11615.0,11470.0,11564.33,16785.638261
674,11564.34,11656.99,11490.52,11513.43,17527.119766
675,11513.43,11622.1,11270.36,11499.78,29019.246018
676,11499.79,11792.96,11442.34,11780.0,23586.125718
677,11779.77,11828.0,11634.03,11696.98,19722.25852
678,11697.36,11774.99,11635.02,11740.35,20851.431197
679,11740.35,11850.0,11701.0,11760.54,19245.16298
680,11760.55,11980.0,11759.69,11891.32,19077.676387
681,11891.32,11934.55,11680.0,11851.99,20275.12637
682,11851.98,11977.0,11745.0,11852.4,16885.102293
683,11852.4,11931.72,11768.78,11858.89,12010.867537
684,11858.89,11885.44,11686.0,11859.91,17697.501394
685,11859.91,11916.16,11790.03,11911.0,11659.867975
686,11910.99,11933.15,11769.78,11807.21,13330.199802
687,11806.94,12455.0,11780.0,12421.55,44202.494563
688,12421.84,12468.0,12210.0,12281.13,27201.517175
689,12281.15,12387.77,12192.0,12260.77,19708.197038
690,12260.91,12296.69,11817.93,11934.41,36494.475554
691,11934.41,12087.0,11850.02,11945.01,19721.162935
692,11945.1,12020.08,11612.71,11823.34,28169.628492
693,11823.34,11914.67,11700.0,11726.5,23725.245204
694,11726.38,11800.0,11561.0,11754.59,22045.29591
695,11754.38,11825.78,11668.0,11703.88,13487.185225
696,11703.88,11888.0,11685.0,11854.35,17867.750589
697,11854.34,11880.01,11804.67,11853.55,14730.318537
698,11853.54,11878.0,11778.44,11838.07,16940.323185
699,11838.08,11838.19,11626.0,11720.0,22463.197819
700,11720.01,11767.5,11485.81,11531.34,25044.785138
701,11531.23,11589.56,11376.81,11579.61,18068.265477
702,11579.6,11642.81,11544.0,11583.1,14048.274545
703,11583.1,11686.0,11553.77,11662.96,11562.161624
704,11663.51,11688.81,11555.26,11616.46,10801.513911
705,11616.46,11669.89,11514.13,11653.25,13497.324594
706,11653.26,11718.07,11619.61,11648.13,13601.166185
707,11648.12,11775.0,11585.09,11758.58,16137.803534
708,11758.57,11824.9,11726.42,11764.03,17980.107726
709,11764.04,11790.0,11699.04,11748.2,12094.480607
710,11748.19,11767.85,11550.0,11586.41,15107.39917
711,11586.41,11659.15,11328.03,11419.41,27483.194292
712,11419.42,11443.14,11117.64,11318.42,27000.32981
713,11318.42,11400.0,11250.0,11348.06,14718.778278
714,11348.05,11500.0,11244.0,11475.92,24406.829828
715,11475.92,11539.32,11428.93,11461.43,14872.623125
716,11461.42,11480.59,11332.48,11406.17,13732.489998
717,11406.17,11592.2,11256.06,11323.22,29834.820773
718,11323.21,11366.49,11125.0,11330.38,19678.725612
719,11330.38,11444.96,11276.89,11379.63,13620.956861
720,11379.63,11534.06,11354.63,11529.63,20405.315493
721,11529.3,11542.65,11457.23,11526.91,11927.636011
722,11526.9,11580.02,11462.51,11558.28,9829.106946
723,11558.28,11569.72,11417.04,11500.99,12478.630124
724,11500.98,11549.0,11458.09,11465.84,10666.06213
725,11465.84,11650.0,11458.0,11592.91,14141.012706
726,11592.9,11665.11,11548.78,11616.2,14911.638446
727,11616.21,11719.0,11580.0,11711.16,14125.227902
728,11711.17,11726.89,11594.06,11618.65,13314.624793
729,11618.64,11800.77,11570.0,11742.16,26190.013834
730,11742.15,11751.36,11614.9,11649.51,15848.979117
731,11649.51,11940.0,11515.0,11923.74,24644.8304
732,11923.74,12044.67,11797.26,12039.33,30602.821266
733,12039.33,12050.85,11851.0,11921.97,22900.542002
734,11921.97,11954.57,11718.16,11722.84,22402.043277
735,11723.59,11747.99,11160.1,11329.67,45647.261693
736,11329.66,11439.0,11234.65,11388.54,19172.540632
737,11388.54,11446.13,11237.0,11400.84,21275.461296
738,11400.44,11462.6,10460.0,10670.28,58220.071493
739,10670.28,10794.62,9960.8,10140.85,42454.573226
740,10138.29,10351.06,10068.0,10295.59,27867.434547
741,10295.59,10528.97,9875.5,10424.67,41277.805961
742,10424.67,10627.05,10303.56,10446.25,23588.358605
743,10446.25,10565.68,10362.2,10406.77,16248.196825
744,10406.77,10406.77,9975.0,10273.89,35261.437864
745,10274.13,10298.99,9825.0,10166.69,38491.970879
746,10166.69,10250.0,9994.86,10230.37,19659.052876
747,10230.36,10300.0,10120.19,10173.37,21533.769654
748,10173.44,10347.14,10141.28,10256.2,15175.966285
749,10255.89,10312.0,10052.38,10113.56,14903.186411
750,10113.81,10184.53,9875.0,10144.01,30380.520829
751,10144.0,10410.75,10086.28,10373.44,17336.523436
752,10373.45,10438.0,10220.0,10264.5,15762.403311
753,10264.29,10333.4,9920.32,10098.58,33919.958734
754,10098.58,10218.0,9850.0,10126.65,23809.516373
755,10126.66,10197.57,9981.01,10190.0,13685.414023
756,10190.0,10280.62,10140.22,10246.11,19164.697701
757,10246.11,10343.0,10169.91,10219.2,16497.002052
758,10219.29,10418.0,10070.83,10275.29,18792.133975
759,10275.22,10483.35,10230.31,10414.16,23053.461467
760,10414.15,10442.0,10250.02,10336.87,16408.158308
761,10336.86,10380.34,10200.0,10260.75,14619.27116
762,10260.76,10333.91,10250.0,10318.76,17249.928222
763,10318.77,10397.6,10267.67,10387.89,11961.055085
764,10387.89,10397.86,10306.34,10343.98,9218.794342
765,10343.97,10380.0,10269.25,10359.99,13120.703451
766,10360.0,10477.97,10348.89,10440.92,13039.655303
767,10440.67,10580.11,10400.04,10542.27,12050.781672
768,10542.27,10560.0,10258.0,10280.14,19115.940301
769,10280.15,10332.84,10200.0,10332.83,12670.887892
770,10332.84,10404.0,10240.34,10399.32,13282.539015
771,10399.31,10706.91,10212.34,10698.03,36004.947675
772,10698.03,10750.0,10618.82,10671.77,17771.804671
773,10671.77,10839.0,10650.0,10741.37,16348.806002
774,10741.37,10930.04,10606.48,10784.46,28814.080682
775,10785.23,10886.39,10700.0,10785.31,16659.566102
776,10785.23,10939.6,10661.22,10915.49,19091.532742
777,10916.09,11016.69,10827.0,11004.99,24780.163543
778,11004.99,11093.0,10941.35,10954.01,21119.816155
779,10954.01,11045.46,10842.77,10882.39,18876.638557
780,10882.38,10905.0,10745.83,10838.31,22117.800551
781,10838.3,10968.95,10794.23,10939.99,14607.175421
782,10940.0,10985.0,10870.01,10954.14,12958.525616
783,10954.14,11038.03,10870.37,10899.37,17935.663124
784,10899.42,10944.79,10812.84,10933.39,16372.539535
785,10933.4,10980.0,10898.11,10900.29,10221.113556
786,10900.28,11179.79,10887.37,11090.56,18262.403965
787,11090.57,11119.93,11011.31,11080.65,9956.519337
788,11080.64,11080.64,10899.33,10962.61,10554.82417
789,10962.6,10984.0,10775.0,10834.58,14522.692478
790,10834.62,10938.02,10723.0,10920.28,14080.405917
791,10920.28,10988.86,10889.0,10902.58,11486.881054
792,10902.58,10912.62,10296.35,10418.76,42287.460533
793,10418.77,10533.46,10356.54,10417.22,16909.089592
794,10417.22,10502.79,10353.0,10372.9,13796.197078
795,10372.91,10520.0,10372.9,10451.07,17431.020158
796,10451.06,10572.71,10447.53,10529.61,12764.01824
797,10529.61,10533.94,10380.47,10428.64,12568.458106
798,10428.63,10537.15,10403.95,10453.2,15288.138477
799,10453.02,10494.72,10136.82,10241.46,24019.971496
800,10241.46,10356.47,10190.93,10341.68,12811.061096
801,10341.69,10557.19,10283.89,10545.36,21579.322172
802,10545.07,10795.24,10540.02,10736.32,23286.236159
803,10736.33,10760.53,10614.58,10686.94,12281.175846
804,10686.93,10686.94,10556.24,10647.61,22905.743244
805,10647.62,10754.21,10625.16,10686.67,12914.197918
806,10686.57,10820.94,10644.68,10705.84,10630.873838
807,10705.84,10742.02,10661.7,10721.0,9803.843849
808,10721.0,10774.45,10682.78,10728.6,7986.118972
809,10728.59,10799.0,10620.0,10671.28,10692.447851
810,10671.28,10766.41,10594.82,10754.82,11263.21439
811,10754.82,10784.61,10700.73,10774.25,8593.821012
812,10774.26,10950.0,10774.26,10854.0,17686.061823
813,10854.0,10941.99,10830.0,10901.9,18416.071725
814,10901.89,10918.57,10626.0,10696.12,13993.118186
815,10696.11,10747.88,10656.82,10726.99,11847.533395
816,10727.0,10797.0,10707.0,10725.94,14918.60534
817,10725.94,10867.54,10635.87,10840.48,15108.759664
818,10840.58,10849.34,10675.29,10706.68,12786.597804
819,10706.56,10793.8,10665.13,10777.39,14216.290315
820,10777.39,10799.0,10681.73,10776.59,12593.139203
821,10776.59,10857.47,10776.59,10824.75,11202.967507
822,10824.75,10920.0,10712.0,10716.23,20927.232605
823,10716.23,10716.23,10437.0,10619.13,28736.132781
824,10619.13,10664.64,10385.02,10490.88,17926.229235
825,10490.88,10600.0,10374.0,10512.74,20760.332248
826,10512.74,10580.0,10463.02,10570.4,11443.832222
827,10570.4,10576.87,10496.46,10527.75,6804.463717
828,10527.75,10564.0,10498.97,10541.98,7623.95146
829,10541.97,10603.56,10530.0,10542.06,7869.806164
830,10542.07,10637.35,10517.87,10612.83,7044.011006
831,10612.83,10625.0,10570.47,10591.45,7016.521088
832,10591.45,10696.87,10581.26,10666.63,9151.469501
833,10666.62,10741.63,10615.64,10686.31,10419.865116
834,10686.31,10777.37,10654.96,10726.02,13346.733714
835,10726.01,10798.0,10680.0,10792.21,10259.162823
836,10792.2,10800.0,10705.27,10711.15,12714.372787
837,10711.15,10760.0,10621.0,10735.01,17915.39831
838,10735.01,10751.23,10525.0,10599.66,18044.969374
839,10599.65,10630.0,10546.17,10618.69,10927.104766
840,10618.69,10649.37,10569.99,10629.6,13254.528263
841,10629.7,10681.87,10601.0,10666.39,8630.35725
842,10666.4,10670.89,10563.01,10592.21,9505.527554
843,10592.22,10935.0,10530.41,10896.96,28285.210896
844,10896.96,10950.0,10842.65,10925.57,14168.953122
845,10925.44,10940.85,10829.0,10894.0,9527.570514
846,10893.99,11104.64,10864.05,11086.58,26947.577039
847,11086.15,11100.0,11012.19,11050.64,11764.925684
848,11050.64,11491.0,11050.51,11381.3,20242.418747
849,11381.35,11413.66,11215.0,11349.2,14731.415421
850,11349.2,11376.47,11262.25,11293.22,8674.202775
851,11293.22,11395.8,11270.7,11350.01,7494.724628
852,11350.01,11445.0,11327.05,11405.47,11061.885491
853,11405.46,11430.0,11221.0,11369.02,10487.24122
854,11369.02,11413.9,11330.4,11379.34,10619.614078
855,11379.34,11590.0,11172.0,11549.38,24935.794026
856,11549.39,11720.01,11477.0,11528.25,17269.875606
857,11528.24,11544.87,11413.0,11452.0,12079.901704
858,11452.21,11557.0,11300.0,11385.15,19247.590328
859,11385.15,11460.16,11340.78,11420.56,10877.791677
860,11420.57,11486.96,11361.0,11415.04,9619.196228
861,11415.03,11547.98,11280.0,11320.76,19627.85806
862,11320.76,11434.47,11287.01,11417.89,12168.051727
863,11417.89,11427.98,11354.46,11396.83,9554.266903
864,11396.82,11416.15,11250.83,11398.22,19023.502364
865,11398.6,11617.34,11363.37,11505.12,20182.948412
866,11505.13,11541.15,11200.0,11305.87,21405.706945
867,11305.87,11397.18,11212.0,11331.19,17843.185037
868,11331.19,11367.91,11273.75,11319.32,9548.85752
869,11319.24,11379.92,11272.48,11344.98,6511.347068
870,11344.99,11402.42,11255.0,11337.54,10114.082164
871,11337.54,11373.18,11300.0,11360.2,5743.486009
872,11360.31,11464.99,11346.22,11455.4,7242.880679
873,11455.4,11482.24,11398.41,11446.68,8792.546296
874,11447.05,11505.0,11413.96,11503.14,7248.614216
875,11503.14,11535.0,11407.96,11462.39,9243.711336
876,11462.39,11820.0,11447.23,11800.0,23210.542422
877,11800.0,11823.99,11660.47,11751.47,14960.280934
878,11751.46,11849.0,11677.59,11735.46,11964.879593
879,11735.45,11985.98,11702.13,11926.4,29149.712253
880,11926.02,12038.38,11855.0,11909.99,21020.158817
881,11910.0,12295.0,11886.95,12198.15,29192.929725
882,12198.14,12840.0,12129.72,12735.0,39279.795819
883,12735.0,13217.68,12617.48,12780.96,46111.731223
884,12780.75,12940.0,12678.08,12751.55,17832.96014
885,12751.54,13024.52,12700.0,12930.0,25442.31792
886,12930.0,13185.0,12915.0,12968.52,26763.546084
887,12968.84,13002.33,12831.13,12883.62,15522.525294
888,12883.61,13027.69,12851.11,12921.09,17673.949302
889,12921.1,12974.0,12720.08,12923.07,17190.525245
890,12923.06,13011.16,12870.0,12924.79,9502.485801
891,12924.79,13166.73,12906.42,13100.0,16151.802898
892,13100.0,13144.51,13025.42,13111.73,10297.920371
893,13111.73,13350.0,12888.0,13027.24,19410.824945
894,13027.24,13027.93,12895.09,12940.74,10949.149928
895,12940.51,13047.8,12910.54,13028.83,8121.604631
896,13029.64,13151.51,12971.0,13037.08,11806.51969
897,13037.08,13238.81,12900.0,12978.41,25385.335551
898,12978.4,13086.42,12765.0,13052.19,23759.817745
899,13052.15,13160.0,13019.87,13144.58,12249.828203
900,13144.59,13631.0,13084.72,13609.24,37352.331113
901,13609.24,13789.29,13500.0,13636.17,31194.39468
902,13636.16,13859.48,13506.0,13664.37,24204.631116
903,13664.36,13705.59,12888.0,13221.26,47968.221355
904,13221.26,13307.35,13000.01,13266.4,22267.708755
905,13266.4,13326.39,13120.88,13138.87,17851.818301
906,13138.87,13481.56,12920.77,13436.95,31717.407949
907,13436.94,13642.91,13380.5,13455.7,25303.375882
908,13455.69,13669.98,13115.0,13218.96,27857.477964
909,13218.96,13550.0,13147.66,13549.98,25474.61116
910,13549.6,13666.66,13462.41,13560.1,17325.689757
911,13560.1,13740.0,13411.5,13576.14,13819.086577
912,13576.14,14100.0,13572.4,13852.02,40772.121018
913,13852.01,13890.0,13675.13,13791.0,12748.03092
914,13791.0,13895.0,13603.0,13792.51,11610.742672
915,13792.51,13860.0,13655.01,13800.01,13775.906221
916,13800.0,13864.0,13639.55,13761.5,10898.999633
917,13761.49,13830.0,13640.0,13740.99,12925.174912
918,13740.99,13741.0,13195.05,13499.0,36967.222911
919,13498.6,13700.0,13447.81,13549.37,14674.024085
920,13549.63,13642.0,13284.99,13444.3,24007.629753
921,13443.3,13798.0,13404.45,13710.38,27468.631308
922,13710.39,14066.11,13650.0,14023.53,22639.369726
923,14023.53,14044.55,13525.0,13600.46,31575.826089
924,13600.46,13925.0,13569.51,13911.47,24187.285766
925,13911.47,14259.0,13881.05,14144.01,37253.876407
926,14144.01,14508.25,14093.56,14475.87,30007.571259
927,14476.18,15148.0,14337.45,15080.26,58417.311491
928,15080.25,15750.0,14550.0,15590.02,55316.639923
929,15590.02,15960.0,15388.0,15733.3,49316.732802
930,15731.56,15739.0,15274.05,15411.27,47217.811671
931,15410.42,15675.0,15166.0,15579.92,26083.653222
932,15579.93,15753.52,15415.0,15444.41,19728.208757
933,15444.33,15583.15,15170.0,15337.91,24759.237349
934,15338.47,15410.0,14344.22,14818.3,56943.760447
935,14818.3,15120.0,14703.88,14931.53,17530.024289
936,14931.71,15443.0,14848.0,15353.48,23166.254717
937,15353.49,15650.0,15239.08,15475.1,24850.899568
938,15475.1,15595.0,15282.35,15303.26,18371.381051
939,15303.27,15840.0,14940.54,15000.96,57577.369244
940,15000.96,15492.67,14805.54,15328.41,33027.583839
941,15328.41,15441.18,15182.06,15274.74,18287.062813
942,15274.75,15460.0,15072.46,15167.49,27295.797452
943,15167.12,15394.0,15111.2,15297.21,16099.059341
944,15297.21,15499.58,15272.68,15400.51,17082.963138
945,15400.5,15718.91,15363.37,15667.27,27252.572858
946,15667.5,15965.0,15576.04,15684.24,34134.210462
947,15684.25,15945.0,15440.64,15862.75,21936.755014
948,15862.75,16160.89,15600.0,16125.01,48018.078582
949,16125.0,16340.7,15882.0,16291.86,32241.522996
950,16291.85,16480.0,16172.41,16253.3,26046.873833
951,16253.31,16357.86,16066.09,16100.17,28506.500243
952,16100.16,16355.0,15952.35,16320.7,21138.506938
953,16320.04,16326.99,16023.0,16089.0,15259.297976
954,16088.99,16132.37,15750.0,15951.92,25308.852345
955,15951.92,16140.99,15670.0,16070.45,18548.196858
956,16069.56,16105.66,15868.31,16030.9,11938.704178
957,16030.9,16180.0,15923.0,16027.19,15910.415556
958,16027.19,16064.59,15774.72,15957.0,15747.721779
959,15957.0,16291.99,15864.0,16235.71,19088.674756
960,16235.71,16469.0,16164.55,16450.0,26396.119846
961,16450.0,16880.0,16434.89,16713.57,35815.881322
962,16713.08,16830.0,16538.0,16750.0,19226.289919
963,16750.0,17373.0,16633.37,17322.19,44922.514791
964,17321.55,17858.82,17231.53,17659.38,51072.598392
965,17659.38,18476.93,17214.45,18063.7,59285.458661
966,18063.69,18260.0,17271.02,17873.88,56832.710576
967,17873.89,18000.0,17490.0,17776.12,32901.618897
968,17777.75,18058.58,17573.31,17649.94,25387.312761
969,17650.03,18179.8,17335.65,18045.0,42807.284561
970,18045.01,18119.98,17681.36,17802.82,24814.963686
971,17802.81,18404.68,17740.04,18212.0,26838.535562
972,18210.0,18739.9,18101.05,18668.56,36378.280465
973,18668.56,18815.22,18401.0,18655.67,25206.202462
974,18655.66,18965.9,18444.74,18669.99,25550.428552
975,18670.0,18824.68,18308.58,18790.01,27481.595891
976,18790.0,18907.38,18525.0,18703.8,22545.433951
977,18703.8,18750.0,18255.93,18498.31,23402.427885
978,18498.31,18503.14,17610.86,18295.4,35736.459024
979,18295.41,18683.77,18258.11,18414.43,22506.850869
980,18413.88,18556.83,18000.0,18458.13,24945.547025
981,18458.12,18766.0,18222.22,18261.86,35833.060205
982,18261.86,18485.01,18134.11,18368.0,22182.898863
983,18368.01,18530.0,18018.0,18369.36,28334.086361
984,18369.35,19418.97,18369.35,19358.57,56531.203426
985,19358.56,19410.0,18842.31,19160.01,28716.219454
986,19160.0,19218.12,18625.0,18975.13,25445.191183
987,18975.12,19484.21,18970.01,19126.84,33224.188052
988,19126.84,19196.33,18500.27,18719.11,34597.197652
989,18718.83,18915.03,17200.0,17619.9,57627.484318
990,17610.92,17620.19,16334.0,16905.18,74490.890327
991,16906.23,17294.88,16188.0,17149.47,48886.872048
992,17149.47,17457.62,17012.56,17094.18,25213.126465
993,17095.47,17200.0,16438.08,16498.85,36238.306776
994,16501.1,17235.7,16465.48,17139.52,23845.591546
995,17139.53,17190.0,16872.0,17014.72,14219.607652
996,17014.72,17530.46,16865.56,17517.04,23896.032047
997,17517.04,17880.49,17516.52,17719.85,26795.060271
998,17719.84,17886.21,17517.0,17817.34,13044.260696
999,17817.34,18250.0,17803.78,18119.97,25283.268821
1000,18119.97,18360.05,17926.0,18184.99,17001.486786
1001,18185.0,18677.0,18184.99,18623.0,20231.912603
1002,18623.05,19863.16,18326.03,19291.88,58911.668545
1003,19291.88,19747.05,19011.1,19695.87,36319.88574
1004,19695.87,19720.0,19281.38,19515.63,24731.642579
1005,19515.62,19888.0,18001.12,19263.37,75150.594185
1006,19263.36,19325.83,18611.88,18764.96,27816.525888
1007,18764.96,19135.0,18330.0,19124.48,27195.115386
1008,19124.49,19342.0,18728.38,18891.57,30978.868537
1009,18891.57,19260.0,18770.0,19204.09,17737.029555
1010,19204.08,19299.0,18867.2,19208.11,17173.441409
1011,19208.11,19536.2,19097.6,19535.0,30090.001737
1012,19535.0,19598.0,19194.06,19421.9,19425.948133
1013,19422.34,19527.0,19122.48,19283.94,16607.205233
1014,19283.94,19447.14,18686.38,18943.35,34466.605049
1015,18944.06,19078.68,18565.31,18650.52,20209.857918
1016,18650.51,18990.08,18500.0,18911.31,17663.363142
1017,18911.3,19177.0,18911.3,19110.78,15576.877302
1018,19111.13,19172.37,18977.16,19147.66,9682.508129
1019,19147.66,19342.0,19105.0,19230.99,11483.725156
1020,19230.99,19251.0,18857.0,19125.83,12701.576303
1021,19125.84,19420.0,19018.0,19359.4,12857.790402
1022,19358.67,19420.91,19157.55,19371.3,11575.384989
1023,19371.24,19386.15,19090.0,19213.9,14802.166351
1024,19213.9,19241.39,18902.88,19166.9,14994.744953
1025,19166.9,19294.84,19091.0,19143.1,11748.223932
1026,19143.1,19168.88,18610.0,18809.91,26729.101807
1027,18809.91,18937.81,18200.0,18324.11,23149.621875
1028,18324.11,18380.0,17830.0,17924.07,25535.212412
1029,17924.06,18523.99,17650.0,18349.5,34710.499081
1030,18349.5,18639.57,18165.0,18541.28,19339.842308
1031,18541.29,18557.32,18278.44,18335.91,13340.594565
1032,18335.91,18480.0,17911.12,18134.08,23849.579211
1033,18132.11,18435.74,18076.07,18254.63,15700.501318
1034,18254.81,18292.73,17700.51,17811.95,26405.896482
1035,17811.96,18132.0,17572.33,18104.74,28759.364439
1036,18104.74,18184.0,17852.0,18036.53,17445.463338
1037,18036.53,18400.0,18020.7,18380.85,15033.662139
1038,18380.85,18525.33,18308.82,18399.01,15085.3276
1039,18399.01,18948.66,18362.42,18808.69,19400.988693
1040,18808.69,19306.27,18711.12,19247.68,18126.376867
1041,19249.21,19411.0,19080.0,19211.34,23348.152011
1042,19211.34,19385.0,18971.0,19174.99,15086.292866
1043,19174.99,19347.0,19000.0,19155.8,15614.509186
1044,19155.8,19300.0,19028.97,19200.07,18385.046915
1045,19200.0,19349.0,19113.08,19273.14,13257.645193
1046,19273.69,19570.0,19050.0,19197.6,24081.83953
1047,19197.59,19433.0,19074.0,19403.31,19563.313294
1048,19403.31,19547.0,19276.0,19426.43,18189.213187
1049,19426.43,19488.02,19278.6,19423.96,13751.036784
1050,19423.95,20799.0,19370.62,20661.37,57621.855295
1051,20661.37,21560.0,20550.0,21335.52,42933.443491
1052,21335.52,22488.0,21230.0,22478.76,45025.133844
1053,22478.75,23800.0,21801.0,23333.8,81588.734567
1054,23333.81,23699.7,22311.1,22797.16,58268.608337
1055,22797.15,23248.99,22470.35,23055.98,26049.612563
1056,23055.98,23285.18,22350.0,22549.0,33290.587984
1057,22549.0,23143.56,22463.59,23107.39,20305.933768
1058,23107.39,23225.0,22821.0,22853.75,16926.125242
1059,22853.75,23650.0,22750.0,23552.01,32451.448772
1060,23552.0,24171.47,23456.55,23821.61,36667.490663
1061,23821.6,23836.48,23060.0,23628.88,21189.699851
1062,23628.89,23910.0,23296.0,23868.09,23126.86205
1063,23868.08,24295.0,23090.0,23455.52,32373.583784
1064,23455.54,24102.77,23287.94,23980.0,22507.553984
1065,23979.99,24075.94,21815.0,22681.32,47125.320713
1066,22693.65,23254.33,22621.44,22719.71,18397.422546
1067,22719.88,23076.77,22428.86,22655.83,26130.311089
1068,22655.82,23628.89,22353.4,23342.58,36259.114169
1069,23342.68,23837.1,23224.4,23810.79,24643.700902
1070,23810.79,24050.0,23319.11,23555.73,29602.208602
1071,23555.54,24100.0,22810.0,23449.66,52851.147497
1072,23449.66,23678.49,22600.0,23232.76,36593.903634
1073,23232.39,23242.04,22703.42,23173.38,26856.472595
1074,23173.38,23479.26,23012.29,23232.12,21719.243654
1075,23232.12,23794.43,23108.01,23729.2,20438.118003
1076,23728.99,23827.54,23433.6,23649.82,12512.308916
1077,23650.99,24681.0,23600.0,24025.13,43078.799255
1078,24025.13,24789.86,23987.16,24712.47,23928.835398
1079,24712.47,25039.96,24500.0,24784.48,22208.371573
1080,24784.48,25673.52,24562.5,25629.99,29088.187199
1081,25629.99,26867.03,25575.0,26493.39,46509.954614
1082,26493.4,27777.82,26427.16,27639.38,39404.624392
1083,27639.39,28422.0,26566.0,27359.62,65210.887606
1084,27360.09,27490.0,25700.0,26281.66,43840.074216
1085,26281.54,27356.3,26101.0,27001.31,26673.109929
1086,27001.32,27500.0,26557.73,26916.32,29585.015747
1087,26916.32,27236.71,26415.09,27079.41,23463.61682
1088,27079.42,27116.78,25880.0,26435.63,23370.43678
1089,26436.53,27100.0,26433.0,26614.97,21118.91086
1090,26615.28,27410.0,26204.99,27385.0,24922.244966
1091,27385.0,28598.74,27374.87,28386.62,35607.948886
1092,28389.02,28579.92,27320.0,28153.76,30667.360402
1093,28153.75,28996.0,27887.0,28875.54,29080.748538
1094,28875.55,29300.0,28120.67,29155.25,27247.816657
1095,29155.24,29210.83,27850.0,28770.0,30105.630319
1096,28782.01,29169.55,28311.0,28923.63,18155.058176
1097,28923.63,29470.0,28690.17,29092.83,18869.366827
1098,29092.84,29600.0,28872.24,29188.67,20078.654834
1099,29188.67,29360.0,28624.57,29331.69,15234.90335
1100,29331.7,29820.5,28946.53,29750.0,17258.671371
1101,29751.47,31800.0,29473.91,31691.29,43255.778007
1102,31691.09,33300.0,30300.0,32178.33,69479.423984
1103,32176.45,34778.11,31962.99,34452.34,37176.429203
1104,34451.78,34670.41,32727.0,33506.62,45891.610044
1105,33505.15,33861.92,32267.0,33000.05,37889.527503
1106,33000.05,33600.0,31505.0,32068.84,35935.662529
1107,32068.84,32567.88,28130.0,31745.72,73184.010478
1108,31745.71,32031.01,30626.36,31988.71,31780.212683
1109,31989.75,32853.38,29900.0,30817.77,43832.135778
1110,30817.78,32375.07,30817.78,32099.98,29498.877469
1111,32099.97,34360.0,31763.23,33949.53,42718.983791
1112,33949.53,35766.58,33288.0,34676.4,41932.318869
1113,34666.8,35200.0,33357.9,34566.19,39707.362506
1114,34566.18,36939.21,34280.0,36769.36,45499.519935
1115,36769.36,37700.8,36422.71,36859.85,35977.428784
1116,36863.04,38970.42,36300.0,38970.42,39859.670395
1117,38970.41,40365.0,36500.0,39432.28,56988.601258
1118,39432.48,39699.87,36500.0,38930.55,41241.610627
1119,38929.56,41950.0,38222.0,40829.08,56562.177089
1120,40829.07,41600.0,38652.0,40582.81,41986.169783
1121,40586.96,40976.13,38720.0,39638.61,26339.845504
1122,39639.21,41380.0,39290.86,40525.15,28331.829551
1123,40525.16,40880.0,39869.0,40088.22,21114.30462
1124,40088.22,41350.0,40050.0,40978.57,20997.296844
1125,40978.57,41060.0,38450.0,39671.81,35971.957987
1126,39671.82,39757.55,35111.11,38150.02,61240.289672
1127,38150.02,38264.74,32538.0,34375.34,82425.882883
1128,34372.25,36360.0,31115.0,31580.0,82592.466653
1129,31582.82,35638.55,30420.0,35404.47,84113.190407
1130,35410.37,36628.0,33677.03,36413.6,41976.987456
1131,36413.6,36499.98,32531.0,33829.4,53060.128855
1132,33829.4,35550.0,33260.74,34051.24,38911.035685
1133,34049.15,35180.67,32380.0,34986.9,46171.293299
1134,34986.9,35250.0,34017.0,34673.9,37314.139676
1135,34673.9,37850.0,34388.53,37371.38,40992.481963
1136,37371.38,38596.92,36701.23,38198.34,31902.828871
1137,38199.52,40100.0,37707.0,39546.01,39635.006451
1138,39546.01,40000.0,38259.25,39144.5,31412.554099
1139,39145.21,39747.76,37554.94,38473.08,27291.54772
1140,38473.07,38780.0,35258.0,35610.72,40552.839547
1141,35610.79,36888.0,34408.0,36742.22,50456.533649
1142,36737.43,37669.0,35520.0,36574.86,28785.250266
1143,36565.74,37950.0,36375.88,37461.99,29451.235479
1144,37463.46,37713.94,35357.8,35994.98,28111.945763
1145,35994.98,36744.05,34518.04,34760.9,24608.905877
1146,34760.91,35973.89,33850.0,35728.47,34862.311415
1147,35728.47,36852.5,35506.0,35828.61,20686.510092
1148,35824.99,36278.68,34800.0,36104.61,22796.788844
1149,36100.55,37469.83,35771.6,36405.98,29825.674514
1150,36405.99,36777.77,35400.0,36631.27,18075.655392
1151,36622.46,37280.0,36002.01,37168.82,26631.614794
1152,37167.92,37535.27,36610.0,37329.4,27137.442204
1153,37329.4,37850.0,35844.06,35891.49,25842.250771
1154,35901.94,36415.31,34737.0,35677.14,27784.095671
1155,35672.86,35939.12,34000.0,34192.17,35219.510918
1156,34193.11,35670.0,33400.0,35468.23,26364.816329
1157,35468.23,35600.0,33971.41,34624.27,22640.744068
1158,34624.27,34681.73,31037.0,31384.09,63467.537318
1159,31384.19,32751.24,30071.0,30850.13,45694.90154
1160,30851.99,32152.9,28850.0,30842.45,69586.218869
1161,30846.59,32767.44,30500.0,32458.42,43652.944682
1162,32462.79,33826.53,31955.67,32945.17,29732.520498
1163,32950.0,33456.0,32053.33,32931.18,23676.038721
1164,32931.17,33104.94,31390.16,31877.1,24308.541144
1165,31877.1,32538.61,31759.65,32078.0,16610.70781
1166,32078.0,33071.0,31630.0,32801.15,18901.741392
1167,32797.21,33030.0,31858.68,31957.05,17540.180606
1168,31956.9,32369.59,30900.0,32259.9,21536.115968
1169,32259.45,33797.96,32175.61,33346.95,25671.269407
1170,33347.19,34875.0,32750.09,34458.31,32498.052758
1171,34458.31,34600.0,31910.0,32254.2,30329.904756
1172,32254.19,32827.33,31100.0,31643.61,29375.79924
1173,31643.61,32450.0,30837.37,31750.23,30837.463782
1174,31750.24,32921.88,31300.69,32467.77,24758.943888
1175,32464.01,32557.29,31350.0,31743.33,18469.038918
1176,31743.33,31749.28,29241.72,30322.61,42483.197577
1177,30322.59,31649.99,29500.0,30366.15,34959.725216
1178,30362.19,31876.63,29842.1,31170.53,26640.213552
1179,31170.2,32203.38,30812.26,31926.49,30270.964937
1180,31926.49,33783.98,31650.0,33364.86,35709.967128
1181,33368.18,34310.0,31915.4,32266.35,55110.86613
1182,32266.36,38531.9,32006.91,37129.4,114300.149557
1183,37129.4,37569.0,33500.0,34252.2,62415.989939
1184,34246.28,34933.0,32825.0,34046.8,34489.070742
1185,34046.82,34500.0,33410.63,34210.2,27886.018264
1186,34210.18,34800.0,33520.0,34262.88,22514.592334
1187,34262.89,34342.69,33450.0,33607.98,16872.646866
1188,33607.68,34220.0,32554.0,32862.66,25646.65202
1189,32862.65,33255.49,32171.67,33092.98,26222.981498
1190,33092.97,34427.0,32296.16,33803.97,30024.861529
1191,33802.6,34717.27,33160.0,33160.17,37000.214469
1192,33160.0,34100.0,33133.26,33526.37,15693.200884
1193,33517.09,34400.0,33418.0,34223.38,19533.329222
1194,34223.38,35668.1,34080.0,34708.47,34778.093255
1195,34708.47,35984.33,34556.85,35466.24,23745.237403
1196,35472.71,36845.0,35362.38,36297.57,25481.222942
1197,36297.58,36917.27,35511.0,36850.0,28236.814573
1198,36850.0,37662.63,36643.07,37618.87,27066.296148
1199,37620.26,38288.0,37326.83,37843.4,27715.626148
1200,37843.4,38708.27,36161.95,36564.23,40728.155566
1201,36564.23,37783.83,36399.79,36936.66,23636.954184
1202,36936.65,37727.22,36570.0,37653.98,19954.368607
1203,37659.64,38310.12,37200.0,37960.76,26518.757419
1204,37960.76,38309.0,37230.0,38290.24,20208.208249
1205,38289.32,39666.0,38215.94,39359.12,36127.998414
1206,39362.27,40866.66,39297.75,40864.73,34020.981549
1207,40865.12,40955.51,39035.33,39186.94,28608.33122
1208,39181.01,39611.04,37923.0,39030.0,29053.989661
1209,39030.0,39700.0,37580.0,37921.11,30291.962564
1210,37921.12,39080.0,37351.0,38795.69,25017.727538
1211,38795.69,39391.78,37988.89,39269.95,20809.436808
1212,39269.78,44918.0,38844.75,43716.32,67804.495715
1213,43703.23,46794.45,42521.62,46374.87,49983.604391
1214,46374.86,48142.19,45500.0,47505.4,47035.581011
1215,47505.39,47928.23,44961.09,46773.63,41257.034006
1216,46773.63,47499.43,46011.0,46420.42,27207.246695
1217,46420.42,46944.07,45589.98,46563.69,26566.101663
1218,46565.11,47310.0,43727.0,44353.04,44298.426996
1219,44354.5,45322.09,43800.0,44807.58,26289.653541
1220,44807.58,45129.59,43994.02,44700.01,15129.101725
1221,44700.0,48399.0,44500.0,47960.85,42243.398108
1222,47960.86,48678.9,46542.29,47969.51,32188.581621
1223,47968.66,48985.8,46789.0,47318.81,29948.305151
1224,47318.02,48140.0,46125.0,47021.05,31447.37167
1225,47021.05,48150.0,46915.32,47287.6,24474.358876
1226,47298.15,48150.0,46990.0,46995.72,19375.903274
1227,46995.01,47569.03,46202.53,47076.01,28888.504096
1228,47076.02,47400.14,46653.58,47153.69,15503.690029
1229,47156.78,49404.94,47014.17,48725.18,29030.254781
1230,48725.18,49707.43,48101.38,48541.18,27536.463641
1231,48537.96,49300.0,48400.31,48577.79,17168.757111
1232,48580.47,49010.92,45570.79,47267.06,35699.311121
1233,47270.5,48219.23,47112.38,47938.83,22364.466209
1234,47938.84,48801.0,47643.0,47911.1,21334.379454
1235,47911.1,49998.0,47003.62,49163.46,29458.730438
1236,49161.75,50689.18,48403.21,48956.91,36610.648316
1237,48956.91,49291.0,47750.0,49133.45,22743.887544
1238,49133.45,51266.09,48947.0,51112.39,30491.698696
1239,51116.77,51678.36,50542.3,51169.97,32742.95044
1240,51169.97,52618.74,50780.0,52119.71,22508.988682
1241,52117.67,52530.0,51295.0,51901.96,20235.592785
1242,51901.95,52285.0,50901.9,51585.29,23673.39435
1243,51585.29,52195.12,51450.0,51552.6,16849.059819
1244,51552.61,51943.99,50710.2,51727.08,19937.178764
1245,51727.09,53886.07,51649.82,53863.19,27861.171314
1246,53863.82,56368.0,53605.58,55906.0,31861.427942
1247,55906.0,56609.14,55185.98,55207.92,23961.148603
1248,55207.93,57700.46,55030.0,56145.97,29449.392386
1249,56136.55,57425.0,53863.93,55841.19,27537.664325
1250,55841.19,56959.71,55477.59,56091.76,17610.879227
1251,56092.02,57827.0,55821.03,57313.99,21305.528425
1252,57313.99,58352.8,56935.03,57408.57,19250.300859
1253,57412.35,57508.47,55102.77,56422.92,26774.716433
1254,56422.23,56623.69,47622.0,53236.69,76306.442851
1255,53236.69,54989.46,51570.0,54087.67,30938.27566
1256,54087.67,54183.59,48615.0,49640.33,46333.782834
1257,49642.92,50027.01,44892.56,48602.03,90440.124715
1258,48602.02,49247.69,45251.0,48891.0,32601.117502
1259,48891.0,51357.0,46988.69,50090.57,33003.376876
1260,50090.61,51374.99,48450.0,49819.5,36092.392931
1261,49819.49,50150.0,48028.18,49676.2,22785.439445
1262,49676.21,50884.88,49517.01,50395.99,18413.74315
1263,50395.58,52041.73,48581.71,50849.99,31486.229325
1264,50850.0,51370.18,46674.34,47073.73,33410.700646
1265,47073.73,47800.0,44106.78,44973.68,45865.24077
1266,44986.99,47853.13,44939.19,47594.65,35611.061495
1267,47590.66,48424.11,45000.0,46276.87,27946.898398
1268,46276.88,48394.0,46156.24,47158.53,23348.959738
1269,47153.01,47800.0,46224.84,46528.64,22295.622297
1270,46528.82,47557.14,45000.0,46106.43,20416.252257
1271,46103.67,46638.46,43738.65,44400.83,30199.68644
1272,44400.83,45530.62,43168.0,43391.14,27504.984554
1273,43391.14,45919.61,43000.0,45135.66,25350.698048
1274,45134.11,46796.94,44950.53,46288.18,22006.68428
1275,46291.87,49298.0,46272.1,49188.0,37074.710598
1276,49187.99,49790.0,47876.0,49587.03,26004.71677
1277,49595.76,50200.0,48301.36,48331.61,21211.23106
1278,48331.6,49699.99,48270.69,48676.08,20714.089088
1279,48676.09,48718.18,47047.6,48440.65,22295.741992
1280,48436.61,49960.0,48100.71,49752.97,17619.785859
1281,49752.97,52640.0,49752.97,50767.36,42575.194888
1282,50767.35,51600.0,50260.0,50349.37,20840.932958
1283,50349.37,51773.88,49010.1,49696.49,26077.440992
1284,49701.37,50756.23,48524.86,49412.6,30572.204948
1285,49412.6,50033.92,47500.0,48374.09,26000.070889
1286,48374.09,48376.2,46300.0,47380.0,25649.295423
1287,47380.0,48728.21,46418.12,47867.45,27958.399229
1288,47867.45,49448.93,46885.0,48751.71,24584.80172
1289,48746.81,49156.0,48115.83,48820.12,10739.235581
1290,48820.13,49100.0,47070.0,47267.88,17374.038687
1291,47267.88,49200.0,47104.85,48882.2,16285.959974
1292,48882.2,50179.17,48882.2,50052.68,15375.0281
1293,50041.84,51250.0,50041.84,50585.23,21987.514247
1294,50585.23,51450.03,49758.01,50971.75,17872.485685
1295,50959.11,51847.38,49521.2,49755.24,22524.475562
1296,49755.24,51233.0,49274.67,51054.99,24353.477219
1297,51055.0,52402.78,50550.01,52375.17,20109.406883
1298,52375.18,54448.0,51789.41,53546.9,30804.384394
1299,53546.89,54815.84,53274.96,54097.02,24916.59099
1300,54097.03,54895.0,53626.97,54884.5,15935.761692
1301,54874.67,55813.09,53005.0,54173.38,27771.494819
1302,54177.47,56489.66,54032.38,56328.81,26737.870598
1303,56328.81,57387.69,55530.01,55851.59,30239.873526
1304,55851.59,56499.98,55005.0,55034.2,21214.558922
1305,55034.21,57238.5,54272.82,56347.19,32738.656763
1306,56347.19,58150.0,56269.76,57773.16,27961.597174
1307,57773.15,58081.51,56350.0,56670.9,19432.184578
1308,56670.9,57095.76,54962.84,56956.95,31616.861718
1309,56956.96,57768.0,56262.14,57221.72,22356.359751
1310,57221.72,57389.58,56078.23,57343.7,16095.604641
1311,57343.7,60500.0,57126.2,59692.99,40743.037208
1312,59693.0,61844.0,59458.67,61188.39,26406.449497
1313,61188.38,61724.79,60455.28,60494.8,15371.030399
1314,60494.8,61110.53,59354.62,59681.26,20876.894959
1315,59681.21,60750.0,58966.78,58968.31,16353.127392
1316,58976.08,60633.43,57253.0,57789.76,30168.902837
1317,57789.75,58350.0,54600.0,56224.13,51014.372252
1318,56224.14,56940.0,55478.01,55605.2,21588.152209
1319,55605.2,56140.55,53271.34,55239.81,34204.00949
1320,55239.81,56400.0,54596.89,55844.92,24580.192784
1321,55844.92,56938.29,54950.16,56900.75,19202.492081
1322,56900.74,57189.43,55185.42,55821.01,16147.749261
1323,55819.23,56052.63,54123.69,54930.0,24864.843028
1324,54930.0,58974.73,54740.0,58912.97,29409.028552
1325,58912.97,59561.54,58119.0,58355.15,19153.035452
1326,58355.14,59637.39,57500.0,59533.68,21766.384574
1327,59533.67,60129.97,57023.0,57648.16,25660.986649
1328,57641.0,58492.85,56270.74,57834.04,16333.688414
1329,57834.04,59249.5,57499.63,58971.5,21076.084519
1330,58977.04,59468.0,58000.0,58030.01,14982.880028
1331,58030.01,58913.98,57820.17,58402.41,11153.320656
1332,58402.41,59880.0,58402.4,59244.52,19345.430307
1333,59244.51,59474.89,57966.85,58102.28,13978.190813
1334,58100.02,58589.1,56668.0,56972.68,15131.171389
1335,56972.68,57539.0,55450.11,57159.04,20183.624075
1336,57159.04,58113.0,56750.0,57351.56,13249.67481
1337,57351.56,57895.78,56289.0,57576.5,13161.935083
1338,57576.51,58430.73,56521.01,57083.0,19525.265897
1339,57082.99,57195.0,53650.0,54083.25,29894.425189
1340,54083.25,55344.26,53000.0,54161.34,23868.787256
1341,54166.12,55450.0,53821.79,55165.19,18149.427256
1342,55165.2,55830.9,54190.1,54409.84,17320.773785
